commit	image	bytes	budget
eb52d1d	o89-boot	288	8192
eb52d1d	o89-controller	8896	253952
eb52d1d	o89-comms	95040	2097152
8fabfc6	o89-boot	448	8192
8fabfc6	o89-controller	8912	253952
8fabfc6	o89-comms	95040	2097152
8e57f29	o89-boot	448	8192
8e57f29	o89-controller	14856	253952
8e57f29	o89-comms	95040	2097152
4a71e2d	o89-boot	448	8192
4a71e2d	o89-controller	15024	253952
4a71e2d	o89-comms	95040	2097152
c342be4	o89-boot	448	8192
c342be4	o89-controller	15152	253952
c342be4	o89-comms	95040	2097152
889e8c7	o89-boot	448	8192
889e8c7	o89-controller	58008	253952
889e8c7	o89-comms	95040	2097152
633cbee	o89-boot	448	8192
633cbee	o89-controller	60112	253952
633cbee	o89-comms	95040	2097152
2abe9f7	o89-boot	448	8192
2abe9f7	o89-controller	87584	253952
2abe9f7	o89-comms	95040	2097152
6227acf	o89-boot	448	8192
6227acf	o89-controller	87816	253952
6227acf	o89-comms	111376	2097152
76d0604	o89-boot	448	8192
76d0604	o89-controller	95056	253952
76d0604	o89-comms	111392	2097152
d71dbfd	o89-boot	448	8192
d71dbfd	o89-controller	97040	253952
d71dbfd	o89-comms	112832	2097152
a891911	o89-boot	448	8192
a891911	o89-controller	103000	253952
a891911	o89-comms	112832	2097152
615c751	o89-boot	448	8192
615c751	o89-controller	102464	253952
615c751	o89-comms	112896	2097152
2bce5d8	o89-boot	448	8192
2bce5d8	o89-controller	107000	253952
2bce5d8	o89-comms	112864	2097152
f4c5ec3	o89-boot	448	8192
f4c5ec3	o89-controller	107760	253952
f4c5ec3	o89-comms	112864	2097152
a4e34ca	o89-boot	448	8192
a4e34ca	o89-controller	108864	253952
a4e34ca	o89-comms	112864	2097152
